date,open,high,low,close,volume
2021-01-29,25.0,25.8,24.3,24.85,26291189
2021-02-01,25.25,25.4,24.9,25.1,11523960
2021-02-02,25.45,25.45,24.7,24.75,8273820
2021-02-03,24.75,24.9,24.05,24.25,8006694
2021-02-04,24.25,25.8,23.85,25.35,7590323
2021-02-05,25.65,26.15,25.5,25.75,4582007
2021-02-08,25.85,25.9,25.6,25.75,6645933
2021-02-09,25.8,25.85,25.2,25.3,2245363
2021-02-10,25.5,25.8,25.0,25.4,2570053
2021-02-11,25.5,25.65,25.3,25.45,2102993
2021-02-12,25.5,25.55,25.3,25.35,3627795
2021-02-15,26.15,26.2,25.7,25.75,3689008
2021-02-16,25.95,26.0,25.8,25.9,2281238
2021-02-17,25.5,25.55,25.0,25.35,2654878
2021-02-18,25.45,25.75,25.35,25.65,3629458
2021-02-19,25.65,25.65,25.2,25.35,1115093
2021-02-22,25.4,25.4,24.95,25.0,1310399
2021-02-23,25.0,25.2,24.9,24.95,966928
2021-02-24,25.05,25.2,24.85,24.9,2843502
2021-02-25,24.95,25.15,24.9,24.95,1479219
2021-02-26,24.8,24.95,24.5,24.65,2100486
2021-03-01,24.9,26.6,24.7,25.9,6539700
2021-03-02,26.1,26.3,25.45,25.65,7493116
2021-03-03,25.7,25.9,25.45,25.5,3648061
2021-03-04,25.3,25.7,25.2,25.4,4088595
2021-03-05,25.4,25.55,24.85,24.95,4217213
2021-03-08,24.95,25.2,24.8,24.85,3621319
2021-03-09,24.95,25.45,24.8,24.95,3661452
2021-03-10,24.95,25.1,24.85,24.9,6382694
2021-03-12,24.9,25.1,24.8,24.85,3422336
2021-03-15,24.9,24.95,24.5,24.65,4092686
2021-03-16,24.65,24.75,24.5,24.55,2396838
2021-03-17,24.55,24.6,24.1,24.15,2938019
2021-03-18,24.25,24.55,23.9,24.05,3218544
2021-03-19,23.95,24.1,23.5,24.0,4652424
2021-03-22,24.0,24.5,23.85,23.9,3139904
2021-03-23,23.95,24.15,23.75,23.85,1726165
2021-03-24,23.85,23.9,23.4,23.45,5339388
2021-03-25,23.45,23.55,22.9,22.95,1834462
2021-03-26,23.3,23.3,22.9,23.05,1557379
2021-03-30,23.1,23.3,22.9,22.95,1142785
2021-03-31,23.0,23.1,22.9,22.95,1019145
2021-04-01,22.95,23.15,22.75,22.85,4000450
2021-04-05,22.85,22.9,22.35,22.5,1669707
2021-04-06,22.55,22.55,21.9,22.0,3708139
2021-04-07,22.0,22.3,21.9,22.1,3309592
2021-04-08,22.1,22.4,21.9,22.0,2590699
2021-04-09,22.0,22.1,21.9,21.95,2010321
2021-04-12,21.85,21.85,20.8,20.9,6483541
2021-04-13,20.8,21.55,20.75,21.45,2538576
2021-04-15,21.3,21.3,20.9,21.1,1679829
2021-04-16,21.25,22.0,21.05,21.75,1348723
2021-04-19,21.4,21.4,20.9,21.15,655063
2021-04-20,21.15,21.65,21.15,21.3,887663
2021-04-22,21.1,21.35,20.95,21.1,5733355
2021-04-23,21.05,21.5,21.0,21.1,2106547
2021-04-26,21.2,21.4,20.95,21.05,1008452
2021-04-27,21.3,21.5,21.05,21.2,2429353
2021-04-28,21.3,21.4,21.1,21.15,1351201
2021-04-29,21.3,21.35,21.1,21.2,721669
2021-04-30,21.0,21.4,21.0,21.3,2188108
2021-05-03,21.3,21.3,20.95,21.05,1418801
2021-05-04,21.15,21.15,20.9,20.95,2840441
2021-05-05,21.0,21.2,20.95,21.0,1760227
2021-05-06,21.05,21.15,21.0,21.1,1782995
2021-05-07,21.05,21.2,21.0,21.1,1776374
2021-05-10,21.25,22.7,21.0,22.55,7909207
2021-05-11,22.45,23.1,22.15,22.95,6247109
2021-05-12,22.95,23.8,22.95,23.4,6409351
2021-05-14,23.7,23.9,23.0,23.05,3581397
2021-05-17,23.3,23.45,23.0,23.1,1154037
2021-05-18,23.1,23.25,22.9,23.1,2169037
2021-05-19,23.15,23.6,23.0,23.1,1642567
2021-05-20,23.35,23.65,22.95,23.1,1875989
2021-05-21,23.3,23.4,23.15,23.35,1084811
2021-05-24,23.9,24.15,23.7,24.0,2808331
2021-05-25,24.2,24.3,23.9,23.95,1810582
2021-05-26,24.05,24.15,23.8,23.85,1097689
2021-05-27,24.0,24.0,23.55,23.65,895290
2021-05-28,23.8,23.8,23.3,23.45,1152386
2021-05-31,23.45,23.95,23.35,23.75,1127129
2021-06-01,23.95,23.95,23.5,23.6,914103
2021-06-02,23.4,24.0,23.4,23.5,2021322
2021-06-03,23.5,23.7,23.5,23.6,2027878
2021-06-04,23.55,23.95,23.45,23.7,3641029
2021-06-07,24.05,24.85,23.9,24.75,9114829
2021-06-08,25.0,25.0,24.4,24.75,4965254
2021-06-09,24.75,24.95,24.2,24.3,4865785
2021-06-10,24.6,24.65,24.3,24.5,3288721
2021-06-11,24.55,24.75,24.4,24.45,3206185
2021-06-14,24.75,24.8,24.15,24.7,4623547
2021-06-15,24.85,25.6,24.8,25.2,9432487
2021-06-16,25.35,25.5,24.85,24.95,4900545
2021-06-17,24.85,25.25,24.55,24.7,4428758
2021-06-18,24.95,25.2,24.2,24.55,5598958
2021-06-21,24.55,24.95,24.3,24.9,3165129
2021-06-22,25.25,25.25,24.9,24.95,4952001
2021-06-23,25.15,25.15,24.7,24.85,2364278
2021-06-24,25.0,25.0,24.65,24.7,1507855
2021-06-25,24.85,24.9,24.6,24.7,1007366
2021-06-28,25.1,25.15,24.7,24.75,1375043
2021-06-29,24.95,26.45,24.7,25.3,6718376
2021-06-30,25.5,25.5,24.65,24.85,3555605
2021-07-01,25.0,25.0,24.2,24.25,2119488
2021-07-02,24.5,24.6,24.25,24.35,2369226
2021-07-05,24.45,24.65,24.25,24.35,3469265
2021-07-06,24.3,24.5,23.7,24.05,3422337
2021-07-07,23.95,24.4,23.65,23.8,2821980
2021-07-08,23.95,24.2,23.7,23.8,2630333
2021-07-09,23.75,23.9,23.65,23.75,2012331
2021-07-12,23.9,24.0,23.6,23.85,2563221
2021-07-13,23.9,24.05,23.7,23.75,801165
2021-07-14,23.75,23.85,23.45,23.5,2919104
2021-07-15,23.5,23.65,23.2,23.2,1206995
2021-07-16,23.4,23.55,23.2,23.25,1708862
2021-07-19,23.3,23.45,23.15,23.3,849014
2021-07-20,23.4,23.5,23.2,23.3,675667
2021-07-22,23.3,23.65,23.3,23.55,1955169
2021-07-23,23.45,23.6,23.25,23.3,716732
2021-07-26,23.4,23.4,23.2,23.2,610769
2021-07-27,23.25,23.35,23.0,23.1,818815
2021-07-28,23.15,23.15,22.85,23.0,803112
2021-07-29,23.05,23.1,22.85,22.9,515983
2021-07-30,23.1,23.2,22.8,23.0,1898315
2021-08-02,23.2,23.8,23.1,23.35,2386323
2021-08-03,23.35,23.7,23.25,23.55,2463850
2021-08-04,23.6,23.7,23.2,23.6,3776933
2021-08-05,23.6,23.8,23.2,23.65,2285265
2021-08-06,23.55,23.6,23.3,23.55,1810052
2021-08-09,23.55,23.65,23.35,23.55,1508388
2021-08-10,23.55,23.6,23.0,23.05,3073600
2021-08-11,23.05,23.2,22.8,23.1,2183102
2021-08-12,23.2,24.05,23.0,23.9,3425204
2021-08-13,24.1,24.15,23.7,23.85,1224722
2021-08-16,24.1,24.25,23.7,23.75,2522269
2021-08-17,23.7,23.75,23.25,23.35,1710626
2021-08-18,23.2,23.85,23.1,23.45,1999913
2021-08-20,23.2,23.4,22.95,23.05,864255
2021-08-23,22.95,23.3,22.55,22.75,1994668
2021-08-24,22.5,23.05,22.5,22.95,1459160
2021-08-25,23.0,23.25,22.95,23.05,943950
2021-08-26,23.2,23.2,22.85,22.9,795432
2021-08-27,22.9,23.0,22.75,22.85,1024254
2021-08-30,23.0,23.15,22.85,23.0,1518712
2021-08-31,23.0,23.3,22.85,23.0,2345308
2021-09-01,23.0,23.15,22.95,23.05,1192758
2021-09-02,23.05,23.15,22.95,23.0,479597
2021-09-03,23.0,23.15,22.95,23.05,1035407
2021-09-06,23.1,23.15,23.0,23.05,1435254
2021-09-07,23.05,23.15,22.95,23.0,1298761
2021-09-08,23.0,23.15,23.0,23.0,768095
2021-09-09,23.05,23.1,23.0,23.05,821045
2021-09-13,23.05,23.15,22.9,22.95,1628031
2021-09-14,23.1,23.1,22.9,22.95,2097425
2021-09-15,22.95,23.0,22.8,22.85,2965530
2021-09-16,22.85,23.0,22.7,22.8,4284242
2021-09-17,22.85,22.95,22.7,22.8,6430068
2021-09-20,22.75,22.95,22.6,22.65,2453259
2021-09-21,22.65,22.75,22.35,22.4,2723992
2021-09-22,22.4,22.6,22.3,22.35,1931600
2021-09-23,22.35,22.5,22.35,22.4,1527644
2021-09-24,22.4,22.55,22.25,22.3,2010753
2021-09-27,22.35,22.5,22.3,22.45,1540093
2021-09-28,22.4,22.5,22.3,22.35,2382424
2021-09-29,22.35,22.9,22.35,22.65,3517385
2021-09-30,22.8,23.05,22.7,22.85,3123170
2021-10-01,22.85,24.0,22.75,23.9,8588140
2021-10-04,24.3,24.55,23.8,23.9,3013144
2021-10-05,23.8,23.95,23.55,23.6,3726430
2021-10-06,23.6,24.2,23.55,23.65,4561407
2021-10-07,23.7,23.9,23.5,23.55,2696547
2021-10-08,23.65,23.8,23.55,23.6,2271527
2021-10-11,23.8,23.8,23.55,23.55,2126549
2021-10-12,23.55,23.65,23.4,23.5,1032595
2021-10-13,23.4,24.1,23.4,23.65,3967759
2021-10-14,23.85,23.85,23.6,23.65,1248480
2021-10-18,23.9,24.7,23.65,24.35,10891840
2021-10-19,24.45,24.65,23.7,23.85,2177806
2021-10-20,23.95,23.95,23.4,23.55,1354617
2021-10-21,24.0,24.3,23.7,24.25,1904386
2021-10-22,24.4,26.15,24.15,25.75,15046700
2021-10-25,26.2,26.35,24.6,25.0,4148888
2021-10-26,25.0,25.45,24.6,24.9,3685641
2021-10-27,24.9,25.35,24.8,24.85,1632950
2021-10-28,24.85,24.95,24.05,24.2,1749727
2021-10-29,24.1,24.35,23.25,24.25,2751341
2021-11-01,24.6,25.3,24.45,24.6,3594802
2021-11-02,24.9,24.9,24.45,24.6,1047838
2021-11-03,24.6,25.15,24.55,25.05,3677646
2021-11-08,25.5,25.65,25.05,25.4,1952245
2021-11-09,25.5,26.0,25.35,25.85,4384040
2021-11-10,25.1,25.25,24.7,24.8,2430873
2021-11-11,24.8,24.8,24.5,24.55,1894946
2021-11-12,24.5,24.7,24.25,24.4,1789449
2021-11-15,24.5,24.75,24.2,24.3,1493593
2021-11-16,24.35,24.4,24.2,24.25,1087669
2021-11-17,24.15,24.25,23.9,23.95,1690131
2021-11-18,23.95,24.1,23.55,23.6,1208493
2021-11-22,23.5,24.0,23.3,23.65,4775029
2021-11-23,23.6,24.0,23.5,23.85,1852030
2021-11-24,24.0,24.0,23.7,23.75,1162874
2021-11-25,23.75,23.8,23.55,23.7,1312313
2021-11-26,23.55,23.7,23.3,23.35,1885002
2021-11-29,23.0,23.85,22.65,23.15,5177548
2021-11-30,23.2,23.6,23.15,23.25,1296519
2021-12-01,23.3,23.5,23.1,23.2,1361033
2021-12-02,23.25,23.35,23.1,23.25,712174
2021-12-03,23.2,23.75,23.2,23.4,1130966
2021-12-06,23.25,23.5,23.2,23.3,1307466
2021-12-07,23.45,23.55,23.1,23.2,1127051
2021-12-08,23.3,23.5,23.25,23.4,1202182
2021-12-09,23.45,23.8,23.35,23.6,1387962
2021-12-10,23.65,23.8,23.5,23.7,1084377
2021-12-13,23.95,23.95,23.55,23.6,1126935
2021-12-14,23.5,23.7,23.4,23.45,1152471
2021-12-15,23.4,23.55,23.2,23.3,1146453
2021-12-16,23.3,23.45,22.8,23.05,2065364
2021-12-17,23.1,23.1,22.75,22.8,1744048
2021-12-20,22.55,22.75,22.4,22.55,2083858
2021-12-21,22.5,22.8,22.45,22.55,1387349
2021-12-22,22.55,22.75,22.4,22.6,1817429
2021-12-23,22.7,23.05,22.65,22.9,1379485
2021-12-24,22.85,22.85,22.45,22.55,1268149
2021-12-27,22.5,22.7,22.45,22.6,825874
2021-12-28,22.65,22.9,22.6,22.8,1023698
2021-12-29,22.8,23.05,22.75,22.85,894184
2021-12-30,23.0,23.0,22.75,22.8,849535
2021-12-31,22.95,22.95,22.7,22.85,992577
2022-01-03,22.95,23.1,22.85,23.05,1761932
2022-01-04,23.1,23.2,22.95,23.05,986802
2022-01-05,23.05,23.05,22.7,22.9,1449340
2022-01-06,22.85,22.95,22.7,22.85,1871902
2022-01-07,23.0,23.05,22.8,22.95,1420728
2022-01-10,23.0,23.1,22.9,22.95,1850593
2022-01-11,22.95,23.25,22.85,23.0,2441106
2022-01-12,23.05,23.15,22.95,23.05,1811170
2022-01-13,23.1,23.1,22.95,23.0,1640433
2022-01-14,23.0,23.75,22.9,23.7,3108309
2022-01-17,23.7,24.25,23.7,24.05,3992828
2022-01-18,24.15,24.3,23.65,23.7,2248048
2022-01-19,23.7,23.75,23.45,23.5,1711154
2022-01-20,23.55,23.7,23.5,23.6,809670
2022-01-21,23.55,23.8,23.25,23.35,2065908
2022-01-24,23.35,23.5,22.75,22.85,3216588
2022-01-25,22.65,23.1,22.5,23.0,1581500
2022-01-27,22.9,23.15,22.8,22.95,1853359
2022-01-28,23.0,23.3,23.0,23.05,1118668
2022-01-31,23.2,23.4,23.15,23.35,1341861
2022-02-01,23.5,23.6,23.05,23.2,2802373
2022-02-02,23.25,23.4,23.15,23.25,1418788
2022-02-03,23.3,23.35,23.15,23.2,777717
2022-02-04,23.2,23.3,23.0,23.05,1198380
2022-02-07,23.05,23.15,23.0,23.05,1121466
2022-02-08,23.05,23.15,22.9,23.05,1228795
2022-02-09,23.05,23.15,23.0,23.05,1066982
2022-02-10,23.1,23.45,23.05,23.15,2290982
2022-02-11,23.2,23.2,22.9,22.95,2096960
2022-02-14,22.65,22.85,22.0,22.1,3344206
2022-02-15,22.15,22.55,22.1,22.5,1733179
2022-02-16,22.7,22.7,22.45,22.55,1348999
2022-02-17,22.7,22.7,22.4,22.4,921340
2022-02-18,22.55,22.55,22.2,22.25,428583
2022-02-21,22.2,22.2,22.0,22.05,1234518
2022-02-22,21.9,21.9,21.65,21.75,2020792
2022-02-23,21.75,22.1,21.75,22.0,1098340
2022-02-24,21.3,21.75,20.9,21.0,3824230
2022-02-25,21.05,21.65,21.05,21.5,2039174
2022-02-28,21.35,21.65,21.15,21.6,1179932
2022-03-02,21.6,21.85,21.5,21.7,1041927
2022-03-03,21.8,21.85,21.7,21.75,734919
2022-03-04,21.65,21.7,21.45,21.55,1186425
2022-03-07,21.2,21.45,21.1,21.2,1652873
2022-03-08,21.1,21.7,21.05,21.5,1473977
2022-03-09,21.6,21.75,21.55,21.65,761815
2022-03-10,21.95,21.95,21.7,21.8,1113658
2022-03-11,21.8,22.0,21.6,21.65,2466745
2022-03-14,21.75,22.15,21.65,22.1,1646096
2022-03-15,22.2,22.45,22.05,22.15,1510135
2022-03-16,22.15,22.35,22.1,22.25,1150108
2022-03-17,22.35,23.2,22.1,22.9,2354010
2022-03-21,23.0,23.1,22.6,22.65,1545124
2022-03-22,22.65,22.75,22.2,22.35,1308713
2022-03-23,22.15,22.6,22.15,22.35,1867843
2022-03-24,22.35,22.45,22.2,22.3,1919425
2022-03-25,22.35,22.4,22.05,22.1,1399681
2022-03-28,22.1,22.25,21.75,21.8,2349895
2022-03-29,21.8,21.95,21.55,21.55,1908650
2022-03-30,21.55,21.7,21.5,21.55,1665961
2022-03-31,21.5,21.7,21.4,21.45,2212550
2022-04-01,21.45,21.6,21.35,21.55,2202566
2022-04-04,21.6,21.85,21.55,21.65,4066755
2022-04-05,21.7,22.3,21.65,22.15,2410355
2022-04-06,22.05,22.3,21.95,22.15,1823337
2022-04-07,22.15,22.35,22.15,22.3,2359481
2022-04-08,22.35,22.6,22.35,22.5,1767279
2022-04-11,22.55,22.7,22.4,22.45,1653990
2022-04-12,22.45,22.45,22.1,22.25,1369848
2022-04-13,22.2,22.4,22.15,22.25,1156525
2022-04-18,22.15,22.25,21.9,22.0,1233357
2022-04-19,22.2,22.4,21.9,22.1,3156524
2022-04-20,22.15,22.2,21.95,22.0,3883773
2022-04-21,22.15,22.2,22.05,22.1,1660459
2022-04-22,22.05,22.65,21.95,22.4,2694391
2022-04-25,22.45,22.45,22.15,22.25,1441525
2022-04-26,22.25,22.4,22.25,22.3,340269
2022-04-27,22.25,22.4,22.1,22.35,683560
2022-04-28,22.35,22.5,22.2,22.4,805730
2022-04-29,22.4,22.7,22.25,22.3,770535
2022-05-02,22.15,22.3,22.1,22.25,5720337
2022-05-04,22.25,22.35,21.95,22.0,1898923
2022-05-05,22.05,22.2,21.95,22.05,1392430
2022-05-06,21.8,21.95,21.65,21.7,942288
2022-05-09,21.7,21.8,21.45,21.7,921061
2022-05-10,21.75,21.85,21.45,21.45,1436670
2022-05-11,21.6,21.6,21.2,21.4,1202999
2022-05-12,21.4,21.4,21.1,21.15,1176570
2022-05-13,21.25,21.4,21.25,21.3,833093
2022-05-16,21.5,21.85,21.25,21.35,1261028
2022-05-17,21.5,21.65,21.4,21.55,973343
2022-05-18,21.65,21.8,21.5,21.55,662342
2022-05-19,21.4,21.65,21.2,21.4,900012
2022-05-20,21.55,21.95,21.45,21.5,1283650
2022-05-23,21.7,21.75,21.35,21.4,1210752
2022-05-24,21.4,21.75,21.3,21.55,906114
2022-05-25,21.6,21.7,21.25,21.3,491116
2022-05-26,21.45,21.45,21.1,21.25,748461
2022-05-27,21.4,21.45,21.0,21.2,1075155
2022-05-30,21.25,21.35,21.1,21.25,676211
2022-05-31,21.2,21.35,21.15,21.2,647819
2022-06-01,21.25,21.35,21.2,21.25,828380
2022-06-02,21.25,21.45,21.25,21.4,286792
2022-06-03,21.55,21.55,21.35,21.4,271808
2022-06-06,21.4,21.4,21.2,21.25,716912
2022-06-07,21.25,21.35,21.15,21.25,991333
2022-06-08,21.25,21.3,21.2,21.25,352622
2022-06-09,21.2,21.25,21.15,21.2,396816
2022-06-10,21.1,21.2,21.1,21.15,388457
2022-06-13,21.05,21.1,20.75,20.8,1234524
2022-06-14,20.8,20.9,20.7,20.75,812644
2022-06-15,20.75,20.85,20.7,20.7,480930
2022-06-16,20.85,20.85,20.05,20.2,762261
2022-06-17,20.0,20.1,19.75,19.8,1200129
2022-06-20,19.8,19.85,19.3,19.5,1136660
2022-06-21,19.65,20.05,19.5,20.0,647857
2022-06-22,20.0,20.05,19.8,19.9,521542
2022-06-23,19.75,20.0,19.75,19.85,628931
2022-06-24,19.85,19.9,19.75,19.8,515527
2022-06-27,19.85,19.9,19.75,19.75,640884
2022-06-28,19.85,19.85,19.55,19.65,639003
2022-06-29,19.6,19.75,19.45,19.65,569498
2022-06-30,19.65,19.7,19.55,19.65,443665
2022-07-01,19.7,20.05,19.6,19.95,407588
2022-07-04,20.0,20.1,19.65,19.75,472196
2022-07-05,19.95,20.0,19.8,19.95,418154
2022-07-06,19.65,20.0,19.65,19.95,518471
2022-07-07,20.0,20.1,19.9,19.95,401044
2022-07-08,20.0,20.1,19.95,20.0,488890
2022-07-11,20.0,20.25,19.9,20.15,428692
2022-07-12,20.15,20.4,20.05,20.2,664887
2022-07-13,20.25,20.3,20.05,20.05,432689
2022-07-14,20.15,20.15,19.95,20.0,263240
2022-07-15,20.0,20.2,19.95,20.1,627503
2022-07-18,20.1,20.3,20.1,20.25,427594
2022-07-19,20.25,20.6,20.2,20.45,555828
2022-07-20,20.45,20.75,20.4,20.65,780601
2022-07-21,20.65,20.65,20.55,20.55,457077
2022-07-22,20.55,21.0,20.55,20.75,586266
2022-07-25,20.8,20.8,20.45,20.55,607619
2022-07-26,20.5,20.55,20.4,20.4,300264
2022-07-27,20.25,20.4,20.25,20.3,266718
2022-07-28,20.35,20.5,20.3,20.4,422719
2022-07-29,20.5,20.7,20.45,20.6,762597
2022-08-01,20.5,21.35,20.5,21.0,1210548
2022-08-02,21.0,21.4,20.9,21.25,864770
2022-08-03,21.35,21.5,21.2,21.3,636314
2022-08-04,21.45,21.6,21.15,21.25,867372
2022-08-05,21.45,21.5,21.2,21.25,348010
2022-08-08,21.2,21.4,21.2,21.35,431706
2022-08-10,21.3,21.6,21.25,21.35,653531
2022-08-11,21.5,21.6,21.15,21.2,732621
2022-08-12,21.15,21.45,21.1,21.35,641203
2022-08-16,21.3,21.45,21.25,21.35,605043
2022-08-17,21.35,21.45,21.3,21.35,617632
2022-08-18,21.4,21.55,21.25,21.4,768141
2022-08-19,21.4,21.5,20.65,21.25,1413104
2022-08-22,21.25,21.35,20.9,20.95,752475
2022-08-23,20.8,21.15,20.8,20.95,540036
2022-08-24,20.9,21.15,20.85,21.05,536390
2022-08-25,20.95,21.35,20.95,21.15,557321
2022-08-26,21.15,21.5,21.15,21.25,973090
2022-08-29,21.05,21.5,20.9,21.35,968325
2022-08-30,21.35,21.5,21.35,21.45,810113
2022-09-01,21.35,21.9,21.3,21.7,1292929
2022-09-02,21.65,22.05,21.6,22.0,778870
2022-09-05,21.9,22.2,21.9,22.1,1018763
2022-09-06,22.1,22.5,22.1,22.35,1148261
2022-09-07,22.35,22.8,22.3,22.75,665316
2022-09-08,22.8,23.0,22.7,22.75,1334844
2022-09-09,22.7,22.9,22.55,22.85,1487340
2022-09-12,22.85,23.05,22.6,22.95,1955864
2022-09-13,22.95,23.15,22.85,23.1,1860863
2022-09-14,22.75,22.95,22.75,22.85,992382
2022-09-15,22.55,22.6,22.2,22.3,1312469
2022-09-16,22.05,22.25,21.8,22.0,1256883
2022-09-19,21.8,21.9,21.55,21.55,760380
2022-09-20,21.6,21.8,21.55,21.65,257435
2022-09-21,21.55,21.85,21.4,21.5,1020041
2022-09-22,21.4,21.6,21.3,21.5,638909
2022-09-23,21.5,21.55,21.2,21.3,633821
2022-09-26,20.55,21.2,20.55,20.9,1302564
2022-09-27,20.95,21.25,20.9,21.15,765538
2022-09-28,21.25,21.6,21.1,21.25,720760
2022-09-29,21.25,21.45,21.25,21.35,582509
2022-09-30,21.25,21.45,21.15,21.25,742557
2022-10-03,21.2,21.35,21.15,21.25,674166
2022-10-04,21.25,21.45,21.25,21.35,217034
2022-10-06,21.35,21.5,21.35,21.4,495282
2022-10-07,21.3,21.4,21.25,21.35,534017
2022-10-10,21.25,21.55,21.2,21.45,632354
2022-10-11,21.4,21.55,21.35,21.35,525643
2022-10-12,21.4,21.5,21.35,21.35,546843
2022-10-13,21.35,21.45,21.3,21.35,539521
2022-10-14,21.4,21.55,21.35,21.35,303333
2022-10-17,21.3,21.4,21.2,21.3,267055
2022-10-18,21.35,21.45,21.25,21.4,562530
2022-10-19,21.5,21.5,21.35,21.4,437017
2022-10-20,21.3,21.45,21.3,21.3,205393
2022-10-21,21.3,21.4,21.3,21.35,338664
2022-10-25,21.6,22.1,21.5,22.0,1031503
2022-10-27,22.1,22.45,22.1,22.3,1383937
2022-10-28,22.3,22.6,22.3,22.35,1126962
2022-10-31,22.45,22.9,22.45,22.65,1549662
2022-11-01,22.7,22.85,22.45,22.55,1351227
2022-11-02,22.55,22.75,22.5,22.65,875008
2022-11-03,22.65,23.05,22.55,22.85,2113595
2022-11-04,22.85,24.15,22.85,23.7,6617762
2022-11-07,23.9,25.25,23.9,24.7,8904191
2022-11-09,25.0,25.45,24.7,25.1,7105869
2022-11-10,25.05,25.15,24.4,24.45,3349389
2022-11-11,25.0,25.1,24.3,24.45,3328826
2022-11-14,24.55,25.0,24.4,24.8,1877089
2022-11-15,24.9,25.55,24.85,25.2,5406664
2022-11-16,25.2,27.4,25.2,26.95,27354760
2022-11-17,27.25,28.7,27.2,27.9,25586529
2022-11-18,28.15,28.5,26.8,27.55,14306160
2022-11-21,27.5,28.25,26.9,28.1,10723160
2022-11-22,28.2,30.2,28.1,28.95,19692561
2022-11-23,29.0,29.4,28.3,29.25,10804100
2022-11-24,29.45,31.65,29.45,30.9,23706641
2022-11-25,31.25,32.15,31.1,31.75,17522270
2022-11-28,32.0,34.8,31.8,33.55,20361740
2022-11-29,33.9,36.4,33.8,35.25,33415078
2022-11-30,36.0,37.1,32.5,32.85,22508510
2022-12-01,33.1,34.65,32.5,34.25,20277199
2022-12-02,34.75,34.75,33.85,34.45,10411040
2022-12-05,34.5,34.7,33.5,33.65,5610065
2022-12-06,33.0,33.6,32.05,33.0,11945560
2022-12-07,33.0,33.65,32.7,33.05,8624935
2022-12-08,33.1,33.3,32.0,32.2,6335965
2022-12-09,32.2,32.45,30.6,31.0,10594550
2022-12-12,30.9,34.0,30.25,33.4,9766189
2022-12-13,33.95,34.7,33.6,33.8,11509070
2022-12-14,34.0,34.1,32.75,33.95,7232842
2022-12-15,33.8,33.85,32.75,32.9,6288947
2022-12-16,32.15,32.75,31.55,32.1,5991577
2022-12-19,32.15,33.3,32.15,32.85,3847854
2022-12-20,32.85,35.9,32.6,35.6,15855910
2022-12-21,36.1,36.5,30.9,32.35,11456780
2022-12-22,33.0,33.4,31.0,31.25,11691890
2022-12-23,30.85,30.85,27.6,27.85,15946360
2022-12-26,28.0,30.85,27.85,30.3,13471580
2022-12-27,31.35,32.4,31.05,32.05,7209680
2022-12-28,32.25,33.2,31.5,32.55,6581926
2022-12-29,32.0,33.2,31.7,32.7,10578080
2022-12-30,33.0,33.25,32.35,32.5,5153601
2023-01-02,32.6,33.3,32.5,32.9,2846403
2023-01-03,32.9,34.15,32.9,33.8,6229902
2023-01-04,34.0,34.6,32.75,33.2,4669188
2023-01-05,33.5,33.7,32.2,32.8,3695004
2023-01-06,32.9,33.1,32.35,32.75,4991728
2023-01-09,33.0,33.35,32.4,32.65,4304477
2023-01-10,32.8,32.95,31.9,32.1,1934220
2023-01-11,32.3,32.6,31.7,32.2,2239685
2023-01-12,32.25,33.0,32.0,32.8,5596219
2023-01-13,32.8,34.25,32.7,34.0,10011900
2023-01-16,33.95,34.0,32.9,33.1,5962931
2023-01-17,33.1,33.1,32.45,32.65,2224834
2023-01-18,32.8,33.45,32.8,33.0,2837752
2023-01-19,32.9,33.55,32.4,33.15,2979298
2023-01-20,33.1,34.15,32.95,33.1,4959944
2023-01-23,33.5,33.65,32.6,32.8,3874466
2023-01-24,32.95,33.3,32.4,32.65,3340974
2023-01-25,32.65,32.85,31.75,31.95,3895604
2023-01-27,32.05,32.25,30.45,31.35,5941440
2023-01-30,30.95,31.7,30.15,31.2,6116967
2023-01-31,31.5,33.25,31.4,33.05,6194059
2023-02-01,33.85,34.15,30.8,31.55,11978870
2023-02-02,31.55,32.45,31.2,31.6,4532446
2023-02-03,31.9,32.1,30.85,31.15,4225307
2023-02-06,31.4,31.8,30.05,30.2,4060060
2023-02-07,30.4,30.65,29.7,29.9,4061798
2023-02-08,30.0,30.75,29.55,30.35,3621505
2023-02-09,30.25,30.35,29.8,30.1,1632990
2023-02-10,30.0,30.4,29.85,30.1,1908336
2023-02-13,30.25,30.45,29.75,29.9,2588899
2023-02-14,29.85,29.85,29.0,29.15,1788049
2023-02-15,29.0,30.1,28.8,29.75,3425940
2023-02-16,29.6,29.95,28.75,28.95,1938691
2023-02-17,28.8,29.2,28.6,28.75,2226192
2023-02-20,28.85,29.0,28.15,28.45,2222226
2023-02-21,28.3,28.6,28.15,28.2,1371420
2023-02-22,28.2,28.2,27.7,27.85,1392581
2023-02-23,27.75,28.4,27.6,27.75,1950507
2023-02-24,27.85,28.25,27.75,27.85,2130728
2023-02-27,28.0,28.1,27.0,27.1,2455772
2023-02-28,27.2,27.5,26.8,26.95,3437464
2023-03-01,26.95,28.25,26.87,27.41,7146867
2023-03-02,27.4,29.45,27.4,28.49,10863750
2023-03-03,28.8,29.0,27.81,28.19,4366451
2023-03-06,28.4,29.19,28.1,28.19,3201931
2023-03-08,28.15,28.3,27.89,28.06,2746581
2023-03-09,28.07,28.75,27.75,27.89,5736257
2023-03-10,27.63,28.2,27.6,28.04,3682035
2023-03-13,28.04,28.19,27.21,27.38,3569013
2023-03-14,27.6,27.67,26.85,27.12,1909579
2023-03-15,27.25,27.69,26.82,27.0,2365284
2023-03-16,26.93,27.29,26.41,27.04,2812424
2023-03-17,27.17,27.51,26.8,26.96,1637628
2023-03-20,26.79,26.95,26.5,26.75,1409781
2023-03-21,26.85,26.95,26.58,26.82,2410321
2023-03-22,26.83,27.24,26.83,26.95,1902831
2023-03-23,26.85,27.05,26.7,26.81,2097006
2023-03-24,26.86,26.95,26.4,26.54,1931146
2023-03-27,26.52,26.71,25.76,25.96,1894873
2023-03-28,26.05,26.05,25.45,25.53,2426615
2023-03-29,25.5,26.48,25.48,26.34,3148434
2023-03-31,26.55,27.3,26.42,26.6,1969905
2023-04-03,26.76,27.99,26.76,27.83,5030891
2023-04-05,27.86,28.1,27.3,27.43,3544142
2023-04-06,27.31,27.7,27.16,27.47,2439711
2023-04-10,27.52,27.93,27.43,27.53,2980891
2023-04-11,27.56,27.9,27.47,27.57,1059111
2023-04-12,27.6,27.77,27.2,27.34,1386295
2023-04-13,27.45,28.07,27.37,27.48,1192822
2023-04-17,27.36,27.63,27.25,27.54,1530735
2023-04-18,27.47,28.63,27.47,28.26,3075833
2023-04-19,28.25,28.63,27.65,27.81,3458198
2023-04-20,27.85,28.37,27.82,28.23,2261879
2023-04-21,28.34,28.55,27.85,28.05,3727699
2023-04-24,28.05,30.0,27.93,29.55,11720540
2023-04-25,29.8,31.17,29.36,30.78,15986430
2023-04-26,30.95,31.59,30.1,30.27,8375339
2023-04-27,30.21,32.5,29.93,31.46,23558061
2023-04-28,31.8,32.34,31.5,31.8,13213330
2023-05-02,32.22,33.95,32.16,33.56,21468420
2023-05-03,33.6,36.05,33.58,35.45,34853422
2023-05-04,36.05,37.37,34.0,34.27,30801561
2023-05-05,34.45,35.34,34.08,34.84,23593070
2023-05-08,35.23,36.09,34.6,34.85,13492660
2023-05-09,35.18,35.55,32.72,32.93,18879490
2023-05-10,32.8,33.5,31.89,32.74,15946950
2023-05-11,33.45,34.37,33.25,33.7,10155560
2023-05-12,33.76,33.99,33.06,33.33,9096066
2023-05-15,33.56,33.95,33.1,33.45,4001171
2023-05-16,33.65,33.95,33.4,33.56,6521835
2023-05-17,33.6,34.6,33.6,33.98,12970800
2023-05-18,34.31,34.63,33.72,33.89,3988882
2023-05-19,34.06,34.25,33.06,33.5,3795226
2023-05-22,33.5,33.69,33.15,33.37,7564005
2023-05-23,33.22,33.7,33.2,33.33,6763950
2023-05-24,33.18,34.26,33.12,33.84,6495928
2023-05-25,33.86,34.15,31.68,32.0,6900867
2023-05-26,31.87,32.25,31.21,31.92,9273407
2023-05-29,32.18,32.62,32.0,32.44,8555462
2023-05-30,32.15,32.25,31.76,31.97,2703654
2023-05-31,31.88,32.33,31.81,32.21,3374453
2023-06-01,32.15,32.45,32.02,32.12,4948882
2023-06-02,32.25,32.39,31.85,31.96,2908259
2023-06-05,31.98,32.15,31.75,31.8,2864595
2023-06-06,31.79,32.48,31.79,32.31,5148678
2023-06-07,32.36,34.0,32.36,33.87,12974060
2023-06-08,34.07,34.2,33.06,33.39,7146989
2023-06-09,33.6,33.6,32.97,33.13,3561610
2023-06-12,33.16,33.29,32.91,33.05,3558675
2023-06-13,33.1,33.25,32.77,33.01,4692747
2023-06-14,33.2,33.45,33.0,33.08,4865828
2023-06-15,33.02,33.2,32.76,32.85,3996159
2023-06-16,32.95,33.25,32.8,32.94,4524484
2023-06-19,33.01,33.4,32.91,33.0,3065795
2023-06-20,32.9,33.18,32.66,33.1,3951629
2023-06-21,33.21,33.54,32.95,33.1,5071565
2023-06-22,33.08,33.15,32.63,32.79,3166140
2023-06-23,32.71,32.89,32.15,32.25,7208354
2023-06-26,32.26,32.65,32.1,32.34,6092907
2023-06-27,32.31,32.99,32.21,32.69,4980406
2023-06-28,32.52,32.79,32.52,32.65,1608029
2023-06-30,32.7,33.08,32.5,32.69,3907075
2023-07-03,32.77,32.99,32.7,32.8,2675591
2023-07-04,32.85,33.21,32.6,33.12,5997936
2023-07-05,33.18,34.14,33.16,33.44,6200143
2023-07-06,33.5,33.65,33.3,33.37,2385167
2023-07-07,33.26,33.5,32.93,33.09,3650804
2023-07-10,33.23,33.26,32.8,32.96,1805664
2023-07-11,32.95,33.1,32.8,32.87,2787945
2023-07-12,32.85,33.16,32.75,32.97,2056524
2023-07-13,33.0,33.05,32.38,32.57,2575716
2023-07-14,32.41,32.8,32.41,32.56,2048334
2023-07-17,32.5,32.79,32.35,32.47,3024875
2023-07-18,32.56,33.2,32.48,32.59,2505921
2023-07-19,32.63,32.95,32.57,32.82,1653436
2023-07-20,32.85,33.64,32.8,33.28,3130426
2023-07-21,33.28,35.18,33.26,34.96,18972230
2023-07-24,35.31,36.11,34.55,35.04,11565610
2023-07-25,35.06,35.24,34.27,34.46,4015332
2023-07-26,34.57,36.23,34.57,35.23,10152040
2023-07-27,35.28,35.3,34.52,34.82,3109179
2023-07-28,35.06,35.45,34.74,35.06,3134177
2023-07-31,35.6,38.5,35.15,38.23,27780680
2023-08-01,38.99,41.7,38.85,40.49,32102230
2023-08-02,40.75,41.1,38.81,39.74,12935200
2023-08-03,39.81,45.25,39.8,44.72,46153551
2023-08-04,46.69,48.29,44.45,45.14,30139391
2023-08-07,45.9,50.62,45.7,49.79,31355369
2023-08-08,51.21,52.0,49.38,50.29,28540789
2023-08-09,50.0,50.07,48.05,48.98,11054610
2023-08-10,48.87,50.25,48.87,49.41,10478380
2023-08-11,49.71,50.09,48.45,48.86,4355163
2023-08-14,48.86,51.3,44.9,50.9,15832130
2023-08-16,50.9,52.71,50.37,51.19,19505699
2023-08-17,50.0,50.0,46.7,47.7,9966635
2023-08-18,47.3,48.99,46.38,47.24,15181550
2023-08-21,48.06,48.37,47.45,47.73,5082860
2023-08-22,48.1,48.2,47.65,47.82,2559968
2023-08-23,47.9,48.13,47.57,47.74,1972100
2023-08-24,47.95,50.25,47.9,48.58,6727974
2023-08-25,48.65,49.2,48.1,48.43,2229721
2023-08-28,48.66,49.25,48.5,48.7,4925915
2023-08-29,49.0,50.85,48.91,49.49,12234820
2023-08-30,50.1,50.78,49.65,49.83,3274327
2023-08-31,50.16,50.5,49.77,50.21,4889774
2023-09-01,50.43,56.54,50.1,55.65,29205699
2023-09-04,57.2,66.78,57.2,66.66,37961238
2023-09-05,69.61,75.72,69.55,72.28,37982672
2023-09-06,73.75,73.9,67.23,68.69,24725779
2023-09-07,68.81,74.5,68.2,73.17,15717240
2023-09-08,74.65,78.0,74.65,77.06,26282461
2023-09-11,81.79,84.76,81.25,84.75,13595030
2023-09-12,92.94,92.94,77.4,82.83,63662980
2023-09-13,80.0,84.3,75.33,78.85,38724039
2023-09-14,80.01,81.99,78.75,81.3,12699050
2023-09-15,82.0,82.0,78.8,79.23,11368370
2023-09-18,79.26,79.57,76.14,76.58,6694949
2023-09-20,75.56,79.4,73.94,77.12,8768369
2023-09-21,76.65,78.19,74.0,74.43,7170444
2023-09-22,75.0,76.05,71.38,75.13,10942020
2023-09-25,76.0,78.66,74.88,76.79,12456880
2023-09-26,77.99,77.99,75.59,75.96,4185210
2023-09-27,74.95,76.71,74.91,75.41,6263513
2023-09-28,76.0,76.3,74.61,74.84,4751073
2023-09-29,75.21,77.6,74.62,76.58,3934511
2023-10-03,76.9,77.78,76.3,76.59,7843227
2023-10-04,76.23,76.6,73.82,75.06,3550864
2023-10-05,75.61,75.92,74.0,74.33,4288546
2023-10-06,75.0,76.0,73.86,74.81,3088172
2023-10-09,72.8,72.92,70.4,71.19,4945172
2023-10-10,71.21,76.23,71.21,75.67,14412060
2023-10-11,76.92,77.67,75.3,75.55,8503090
2023-10-12,76.0,76.16,74.8,75.14,4966611
2023-10-13,74.61,78.34,74.61,76.64,11797980
2023-10-16,77.11,77.24,76.15,76.29,5817137
2023-10-17,76.87,80.8,76.61,79.15,11560210
2023-10-18,80.07,80.7,77.16,77.45,10628230
2023-10-19,76.79,78.29,75.9,77.61,3701338
2023-10-20,77.69,79.19,76.65,77.03,6218560
2023-10-23,77.5,78.1,72.0,72.22,5204450
2023-10-25,73.26,74.93,68.0,70.28,11074820
2023-10-26,68.69,71.35,65.75,70.18,6396180
2023-10-27,71.57,73.1,70.5,71.97,5782366
2023-10-30,72.64,73.0,69.92,72.77,7117673
2023-10-31,73.79,74.42,72.1,72.61,6867435
2023-11-01,72.88,73.4,72.51,72.93,3057186
2023-11-02,74.01,74.53,72.85,73.06,1851566
2023-11-03,72.89,73.35,71.03,72.12,6130732
2023-11-06,73.39,74.15,72.65,72.84,2548161
2023-11-07,73.44,74.25,72.81,73.05,4394244
2023-11-08,73.58,76.45,73.4,75.55,9424438
2023-11-09,76.09,76.9,74.12,74.66,3655732
2023-11-10,74.6,74.6,73.26,74.09,4013754
2023-11-13,74.6,74.7,73.55,73.65,4161621
2023-11-15,74.4,74.8,73.14,73.47,3454790
2023-11-16,73.61,73.91,73.03,73.11,1005952
2023-11-17,73.16,77.57,72.71,76.89,15472840
2023-11-20,77.48,78.5,75.8,76.08,4138927
2023-11-21,76.45,78.15,76.3,76.9,4563922
2023-11-22,77.25,78.0,75.5,76.64,5454109
2023-11-23,76.8,77.4,76.35,76.51,2318375
2023-11-24,76.77,77.5,75.85,76.09,3966347
2023-11-28,76.34,76.75,75.3,75.61,1794812
2023-11-29,75.91,76.35,75.0,75.27,3047903
2023-11-30,75.32,75.5,74.23,74.67,1500932
2023-12-01,74.81,77.2,74.81,75.42,5812579
2023-12-04,78.0,78.1,76.12,76.34,9288391
2023-12-05,76.94,77.2,75.85,76.14,2087620
2023-12-06,76.31,76.57,75.6,75.82,1880924
2023-12-07,75.12,76.65,74.7,76.04,5666299
2023-12-08,76.04,77.68,75.6,76.58,3653661
2023-12-11,77.21,83.37,76.82,82.2,18564529
2023-12-12,84.01,86.56,82.04,82.97,18387039
2023-12-13,84.16,85.4,83.03,83.53,6666210
2023-12-14,84.95,96.1,84.8,92.64,64479840
2023-12-15,95.3,100.84,93.25,94.69,27210301
2023-12-18,96.58,96.58,91.35,94.36,13331500
2023-12-19,95.34,101.47,94.59,100.14,41472793
2023-12-20,102.21,104.14,91.3,92.48,40063551
2023-12-21,90.63,99.75,87.01,98.74,37439379
2023-12-22,101.0,101.95,96.7,97.76,13459390
2023-12-26,98.8,99.28,96.6,97.41,11823520
2023-12-27,98.1,98.89,96.2,96.74,7745242
2023-12-28,97.71,98.5,96.07,96.45,10343110
2023-12-29,96.94,100.42,96.51,99.32,20300131
2024-01-01,100.37,102.4,99.4,100.37,7433527
2024-01-02,101.28,101.64,97.9,99.99,5907622
2024-01-03,100.35,101.98,98.96,100.94,6551836
2024-01-04,101.75,103.5,101.0,101.25,11048350
2024-01-05,102.43,102.44,99.9,100.75,3977881
2024-01-08,101.69,101.69,99.6,99.97,6675192
2024-01-09,101.0,102.24,99.89,100.08,7751317
2024-01-10,100.65,103.5,99.55,103.06,5937317
2024-01-11,104.5,109.3,104.3,106.87,27173539
2024-01-12,109.01,114.0,108.91,113.38,26884971
2024-01-15,116.2,134.7,116.2,130.11,34421406
2024-01-16,139.1,146.69,136.1,141.77,61711719
2024-01-17,139.7,150.62,133.01,149.05,29008980
2024-01-18,152.3,155.0,136.21,146.27,28313221
2024-01-19,149.4,160.89,149.25,160.36,37194898
2024-01-23,187.0,192.8,158.8,161.48,46556090
2024-01-24,164.18,173.14,150.81,171.86,30763270
2024-01-25,174.9,178.24,171.86,173.94,8279512
2024-01-29,177.42,178.0,169.26,170.85,15181650
2024-01-30,171.5,172.0,164.01,166.58,14008400
2024-01-31,167.99,177.0,166.02,175.03,6601490
2024-02-01,179.9,183.25,168.2,170.05,10918660
2024-02-02,172.5,174.85,167.0,168.95,10445310
2024-02-05,169.2,170.15,159.9,160.5,13483130
2024-02-06,161.15,164.2,152.1,160.9,6635413
2024-02-07,164.3,165.8,159.65,162.45,6348117
2024-02-08,164.4,164.4,160.65,162.0,2781333
2024-02-09,162.0,162.1,149.05,153.7,12524650
2024-02-12,150.7,150.95,130.2,133.0,24981270
2024-02-13,130.75,156.25,128.0,153.4,37279688
2024-02-14,153.95,157.35,145.45,154.35,13671150
2024-02-15,156.5,161.5,154.9,158.8,11989670
2024-02-16,160.15,161.5,154.95,155.35,4656488
2024-02-19,156.0,164.4,154.35,158.7,7138898
2024-02-20,159.95,160.7,157.05,158.45,4955896
2024-02-21,158.7,160.3,153.5,154.25,3076323
2024-02-22,154.35,155.8,149.15,152.1,6435447
2024-02-23,153.7,156.45,152.7,153.3,3248404
2024-02-26,154.4,156.3,151.9,152.35,5921719
2024-02-27,152.7,156.5,151.0,151.6,7549818
2024-02-28,152.25,153.5,145.5,147.4,6624219
2024-02-29,146.75,150.25,140.8,146.7,9433076
2024-03-01,148.25,151.45,146.5,147.35,1969375
2024-03-04,149.15,149.55,144.65,145.55,1679279
2024-03-05,145.05,148.4,143.65,145.05,3839996
2024-03-06,145.0,145.95,140.0,140.5,4118471
2024-03-07,141.05,144.35,139.65,143.7,3949925
2024-03-11,143.75,147.2,140.0,141.15,4348644
2024-03-12,141.6,142.9,135.65,136.75,5999390
2024-03-13,136.05,138.8,123.0,124.2,16385529
2024-03-14,121.35,142.6,116.7,140.3,16421680
2024-03-15,141.0,145.85,133.45,136.8,16221350
2024-03-18,138.6,139.6,132.85,134.85,4647242
2024-03-19,134.95,137.3,133.2,135.3,4435590
2024-03-20,136.1,138.0,132.85,133.15,6585845
2024-03-21,136.7,137.5,134.8,135.25,3232083
2024-03-22,136.0,145.0,135.0,140.95,13493970
2024-03-26,142.4,148.65,140.9,145.75,13471700
2024-03-27,147.8,150.9,141.75,142.9,10300370
2024-03-28,145.15,147.5,141.3,142.4,7939999
2024-04-01,145.0,146.7,143.8,144.8,5959577
2024-04-02,145.85,148.15,144.2,146.05,6633828
2024-04-03,145.65,147.8,144.65,145.3,3203966
2024-04-04,147.0,148.25,143.6,143.8,5507865
2024-04-05,144.2,149.35,142.8,147.85,9761302
2024-04-08,150.85,152.6,147.0,147.55,6730691
2024-04-09,149.05,149.4,145.55,147.15,4948202
2024-04-10,147.9,148.5,146.45,146.65,1655206
2024-04-12,146.85,147.7,145.0,145.35,1828605
2024-04-15,120.05,141.8,120.05,140.25,10771550
2024-04-16,139.65,142.6,137.95,141.7,4223993
2024-04-18,143.6,145.5,141.6,141.9,3578170
2024-04-19,140.0,142.2,137.5,141.0,2130782
2024-04-22,142.85,145.0,142.3,144.1,3870637
2024-04-23,144.9,148.0,143.6,147.7,5694243
2024-04-24,149.0,150.4,147.5,148.95,3286484
2024-04-25,149.05,152.0,147.75,150.25,3254356
2024-04-26,151.25,159.0,149.65,158.05,15784500
2024-04-29,161.5,164.0,159.65,160.85,8424525
2024-04-30,161.95,161.95,156.6,157.25,3351777
2024-05-02,158.6,161.1,156.05,158.95,5342717
2024-05-03,160.0,160.45,155.05,157.0,5781870
2024-05-06,158.4,158.4,151.55,155.7,5346958
2024-05-07,154.25,155.1,148.65,149.95,5350392
2024-05-08,149.0,153.7,146.3,152.2,4386579
2024-05-09,152.25,152.85,146.3,146.9,1732253
2024-05-10,147.65,149.6,142.4,148.1,2273086
2024-05-13,148.35,148.35,143.15,145.95,4145650
2024-05-14,147.0,158.0,147.0,157.2,8420660
2024-05-15,159.15,159.75,154.9,155.25,3050678
2024-05-16,157.0,159.5,155.7,157.6,2770483
2024-05-17,158.65,170.5,157.15,168.8,10237150
2024-05-21,176.7,182.0,176.15,179.35,10606720
2024-05-22,181.8,183.8,173.0,175.7,7180420
2024-05-23,177.2,191.65,175.9,186.4,28598020
2024-05-24,188.7,190.8,183.0,184.05,7129410
2024-05-27,187.55,192.8,184.0,184.6,12263890
2024-05-28,186.35,187.5,177.5,180.2,10206380
2024-05-29,178.95,181.8,175.35,180.25,4344580
2024-05-30,180.75,182.0,175.8,176.55,2843429
2024-05-31,178.3,179.95,172.1,177.8,4675193
2024-06-03,199.9,199.95,186.15,188.95,17261490
2024-06-04,190.0,190.0,151.2,164.9,36928887
2024-06-05,168.2,175.0,153.25,166.5,10326410
2024-06-06,171.8,177.8,167.85,173.0,10591650
2024-06-07,173.8,176.45,170.15,173.6,3404116
2024-06-10,177.0,179.0,172.0,173.1,7059373
2024-06-11,175.55,178.0,173.6,176.15,8607059
2024-06-12,177.15,178.95,176.25,177.75,3241694
2024-06-13,178.8,179.0,174.5,175.15,4851083
2024-06-14,175.85,176.55,173.25,174.75,4592272
2024-06-18,175.75,178.5,175.05,175.7,2529792
2024-06-19,176.1,176.3,171.4,173.25,1841272
2024-06-20,173.1,174.15,171.65,172.3,3087019
2024-06-21,172.3,180.5,171.6,176.3,11148860
2024-06-24,176.2,181.0,174.3,176.8,3497628
2024-06-25,177.85,178.7,175.0,175.55,2003726
2024-06-26,176.15,177.2,174.25,175.05,1687313
2024-06-27,175.65,177.75,172.5,173.2,4232248
2024-06-28,174.2,175.85,173.05,173.75,3780394
2024-07-01,173.6,173.75,171.45,171.75,2120087
2024-07-02,172.3,173.25,170.0,171.95,1754599
2024-07-03,172.95,178.0,172.5,176.5,3019396
2024-07-04,177.5,180.0,176.5,177.7,6500934
2024-07-05,178.45,191.7,178.05,188.3,11953660
2024-07-08,192.7,206.0,192.7,202.1,31428980
2024-07-09,209.5,213.0,192.1,195.95,20968471
2024-07-10,198.2,205.0,193.65,203.65,20571561
2024-07-11,207.7,209.05,201.0,205.95,7716586
2024-07-12,206.3,224.45,204.5,217.35,17246010
2024-07-15,220.75,229.05,214.45,216.35,11492170
2024-07-16,219.85,221.2,211.0,212.1,12513000
2024-07-18,212.0,212.0,201.1,205.85,7595147
2024-07-19,201.55,211.3,200.5,205.75,14989100
2024-07-22,206.0,209.1,201.6,204.55,6354677
2024-07-23,207.95,208.95,164.6,194.15,13551120
2024-07-24,194.65,199.85,191.25,192.25,8030324
2024-07-25,190.65,191.45,183.0,183.6,4777459
2024-07-26,184.4,187.9,182.8,183.45,6986702
2024-07-29,185.45,197.4,184.65,195.2,12943560
2024-07-30,197.35,198.3,193.5,195.45,4556674
2024-07-31,196.0,196.4,193.25,193.7,2119548
2024-08-01,194.85,195.55,187.7,189.8,4950942
2024-08-02,186.25,193.45,184.5,192.3,6362438
2024-08-05,181.0,185.65,178.0,179.45,6202037
2024-08-06,181.1,186.9,175.2,176.3,7489064
2024-08-07,181.35,183.15,177.05,182.4,3190137
2024-08-08,183.2,184.45,180.1,180.9,2645476
2024-08-09,181.45,182.5,179.0,179.8,1920445
2024-08-12,179.55,187.3,179.55,184.55,7702652
2024-08-13,186.95,189.45,180.0,181.3,3954796
2024-08-14,182.7,183.45,176.65,179.15,2201215
2024-08-16,180.7,182.2,178.25,178.8,3116259
2024-08-19,181.0,181.8,179.6,180.15,3005496
2024-08-20,181.0,181.15,178.15,179.9,938067
2024-08-21,179.9,181.4,178.6,180.55,1830548
2024-08-22,180.05,181.9,180.0,181.35,1951953
2024-08-23,181.3,187.3,180.25,183.3,2035194
2024-08-26,183.65,184.0,180.7,181.05,1349584
2024-08-27,181.05,183.35,180.25,180.85,2503086
2024-08-28,181.3,182.95,180.6,180.9,1974702
2024-08-29,181.0,181.9,179.1,179.95,1842530
2024-08-30,180.15,181.35,178.0,178.65,2180341
2024-09-02,178.65,180.25,176.55,177.55,2236516
2024-09-03,177.75,179.0,177.05,178.45,2095509
2024-09-04,176.25,177.95,175.6,176.0,775175
2024-09-05,176.55,177.0,173.0,173.5,1047295
2024-09-06,173.25,174.1,168.15,169.9,3643677
2024-09-09,169.5,170.0,165.1,168.4,3860970
2024-09-10,169.0,171.8,168.9,169.8,1809285
2024-09-11,170.4,170.65,165.1,165.9,1754278
2024-09-12,166.3,168.55,163.5,167.0,2828964
2024-09-13,168.0,170.6,166.0,167.25,1153724
2024-09-16,167.05,167.5,163.65,163.95,2170638
2024-09-17,163.9,164.4,160.2,160.6,1106997
2024-09-18,161.25,164.5,158.0,158.5,3793417
2024-09-19,159.3,161.05,151.7,155.2,2593737
2024-09-20,156.0,163.4,154.55,161.4,3271484
2024-09-23,163.5,163.5,158.2,159.55,1454663
2024-09-24,160.5,160.5,158.1,158.8,851201
2024-09-25,158.8,158.9,156.4,156.9,1886077
2024-09-26,156.9,159.55,154.85,156.9,1239078
2024-09-27,156.85,158.8,156.0,156.8,1946885
2024-09-30,156.35,159.4,154.8,158.75,1421026
2024-10-01,158.5,158.65,155.0,155.35,2131706
2024-10-03,152.55,153.25,150.95,151.6,3791847
2024-10-04,151.5,153.45,147.0,152.0,4490073
2024-10-07,152.05,153.5,143.3,144.35,2224918
2024-10-08,144.05,152.5,141.5,151.8,5159904
2024-10-09,154.75,155.75,153.0,153.55,1531646
2024-10-10,154.05,154.35,151.1,151.45,1429697
2024-10-11,151.0,155.25,150.35,152.4,2407931
2024-10-14,153.7,154.2,151.0,151.35,1257507
2024-10-15,151.65,152.2,150.1,151.15,1591971
2024-10-16,151.0,152.7,150.45,150.7,1595018
2024-10-17,151.25,154.4,148.5,149.2,1345507
2024-10-18,148.0,148.5,145.3,147.65,1697784
2024-10-21,147.75,149.05,144.0,144.7,740709
2024-10-22,144.05,144.6,136.55,137.75,3618535
2024-10-23,137.75,141.3,133.45,139.5,4242660
2024-10-24,139.25,140.8,137.4,139.0,2015194
2024-10-25,138.75,139.1,132.8,134.45,1590535
2024-10-28,134.45,145.3,134.05,143.5,4484569
2024-10-29,144.95,145.15,140.75,143.5,2394366
2024-10-30,144.5,158.0,142.35,155.55,5363903
2024-10-31,155.3,159.9,152.7,156.0,5346866
2024-11-04,159.0,159.25,151.75,153.45,2023630
2024-11-05,153.0,153.0,148.65,151.4,3551215
2024-11-06,153.0,154.8,151.9,154.0,1886237
2024-11-07,155.85,157.2,152.85,153.75,1400178
2024-11-08,152.0,152.7,147.3,148.45,1094288
2024-11-11,148.0,151.2,145.3,147.35,1413089
2024-11-12,147.45,150.15,144.6,145.4,1194695
2024-11-13,144.85,145.9,139.2,139.6,2652525
2024-11-14,140.1,142.3,139.5,139.75,1279195
2024-11-18,141.0,141.45,137.75,138.3,2019690
2024-11-19,140.7,146.9,139.85,145.1,4171470
2024-11-20,145.1,145.1,145.1,145.1,0
2024-11-21,145.45,145.45,140.75,141.6,1407813
2024-11-22,141.6,143.25,139.7,142.15,855351
2024-11-25,148.4,150.6,145.6,146.3,2660383
2024-11-26,146.35,147.3,145.0,146.85,857903
2024-11-27,146.7,151.7,145.85,150.5,2819715
2024-11-28,151.45,155.65,150.5,153.4,3173153
2024-11-29,153.0,153.0,148.85,149.3,2156801
2024-12-02,149.0,150.2,147.0,147.3,994895
2024-12-03,147.75,149.25,147.65,148.2,1671602
2024-12-04,149.0,152.8,148.7,151.1,3188008
2024-12-05,151.45,152.0,149.75,150.8,1609624
2024-12-06,150.8,159.55,150.65,157.95,2893769
2024-12-09,159.4,160.85,157.8,159.2,1627874
2024-12-10,160.0,160.0,155.25,156.8,2285388
2024-12-11,156.8,166.0,156.6,164.85,4532049
2024-12-12,165.0,166.85,161.4,162.7,2123521
2024-12-13,162.3,162.3,156.1,159.35,1537489
2024-12-16,159.7,162.75,158.3,158.8,1988020
2024-12-17,158.8,160.3,156.0,156.75,1129628
2024-12-18,156.3,156.9,153.1,153.35,1831300
2024-12-19,148.3,153.5,148.25,152.85,2122278
2024-12-20,152.65,154.1,148.0,148.4,2018503
2024-12-23,148.95,150.25,147.0,147.75,950645
2024-12-24,147.65,149.75,146.65,147.9,759854
2024-12-26,147.05,149.5,145.6,146.8,1581188
2024-12-27,146.9,147.8,145.95,146.2,569348
2024-12-30,146.0,158.0,144.7,153.35,1619230
2024-12-31,150.3,150.55,145.65,149.0,3291895
2025-01-01,150.2,152.9,148.45,150.3,1085647
2025-01-02,150.8,152.45,150.05,152.0,783570
2025-01-03,153.45,156.8,152.85,153.65,1145057
2025-01-06,153.75,154.0,144.8,145.45,1208600
